n,variant,insert_ns_per_op,search_ns_per_op,delete_ns_per_op,final_slots,final_load_factor,resizes
1000,dynamic resizing (α ≤ 1),788.2,305.4,932.1,1024,0.977,14
1000,"fixed 1,024 slots",398.7,279.6,474.5,1024,0.977,0
4000,dynamic resizing (α ≤ 1),782.3,288.8,1572.6,4096,0.977,18
4000,"fixed 1,024 slots",385.6,323.7,473.6,1024,3.906,0
16000,dynamic resizing (α ≤ 1),999.6,388.1,920.4,16384,0.977,22
16000,"fixed 1,024 slots",580.9,525.8,652.8,1024,15.625,0
64000,dynamic resizing (α ≤ 1),1309.9,510.5,736.7,65536,0.977,13
64000,"fixed 1,024 slots",1612.1,1642.3,2014.9,1024,62.5,0
256000,dynamic resizing (α ≤ 1),2005.1,572.5,849.5,262144,0.977,15
256000,"fixed 1,024 slots",6851.1,7116.5,11814.6,1024,250.0,0
