distribution,n,algorithm,seconds
random,500,randomized,0.000465
random,500,deterministic,0.000233
random,1000,randomized,0.000946
random,1000,deterministic,0.000615
random,2000,randomized,0.002027
random,2000,deterministic,0.001222
random,4000,randomized,0.004341
random,4000,deterministic,0.00273
random,8000,randomized,0.009405
random,8000,deterministic,0.005528
sorted,500,randomized,0.000419
sorted,500,deterministic,0.002255
sorted,1000,randomized,0.000912
sorted,1000,deterministic,0.008872
sorted,2000,randomized,0.001914
sorted,2000,deterministic,0.036117
sorted,4000,randomized,0.004104
sorted,4000,deterministic,0.140521
sorted,8000,randomized,0.009179
sorted,8000,deterministic,0.563988
reverse,500,randomized,0.00043
reverse,500,deterministic,0.003647
reverse,1000,randomized,0.000914
reverse,1000,deterministic,0.015284
reverse,2000,randomized,0.002011
reverse,2000,deterministic,0.060236
reverse,4000,randomized,0.004174
reverse,4000,deterministic,0.241782
reverse,8000,randomized,0.008823
reverse,8000,deterministic,1.084697
repeated,500,randomized,8.4e-05
repeated,500,deterministic,0.000746
repeated,500,randomized_2way,0.000911
repeated,1000,randomized,0.000167
repeated,1000,deterministic,0.002547
repeated,1000,randomized_2way,0.00317
repeated,2000,randomized,0.000325
repeated,2000,deterministic,0.009197
repeated,2000,randomized_2way,0.010632
repeated,4000,randomized,0.000736
repeated,4000,deterministic,0.038463
repeated,4000,randomized_2way,0.038695
repeated,8000,randomized,0.002032
repeated,8000,deterministic,0.14115
repeated,8000,randomized_2way,0.144652
